<Font name="jlm_wntt10.ttf" id="jlm_wntt10" space="0.524996" xHeight="0.430555" quad="1.049991" unicode="95" romanVersion="jlm_wnr10" ssVersion="jlm_wnss10">
   <Char code="1034" width="0.524996" height="0.611112" />
   <Char code="1033" width="0.524996" height="0.611112" />
   <Char code="1039" width="0.524996" height="0.611112" depth="0.166667" />
   <Char code="1069" width="0.524996" height="0.611112" />
   <Char code="1030" width="0.524996" height="0.611112" />
   <Char code="1028" width="0.524996" height="0.611112" />
   <Char code="1026" width="0.524996" height="0.611112" />
   <Char code="1035" width="0.524996" height="0.611112" />
   <Char code="1114" width="0.524996" height="0.430555" />
   <Char code="1113" width="0.524996" height="0.430555" />
   <Char code="1119" width="0.524996" height="0.430555" depth="0.13889" />
   <Char code="1101" width="0.524996" height="0.430555" />
   <Char code="1110" width="0.524996" height="0.611112" />
   <Char code="1108" width="0.524996" height="0.430555" />
   <Char code="1106" width="0.524996" height="0.611112" depth="0.222223" />
   <Char code="1115" width="0.524996" height="0.611112" />
   <Char code="1070" width="0.524996" height="0.611112" />
   <Char code="1046" width="0.524996" height="0.611112" />
   <Char code="1049" width="0.524996" height="0.819394" />
   <Char code="1025" width="0.524996" height="0.819394" />
   <Char code="1140" width="0.524996" height="0.611112" />
   <Char code="1138" width="0.524996" height="0.611112" />
   <Char code="1029" width="0.524996" height="0.611112" />
   <Char code="1071" width="0.524996" height="0.611112" />
   <Char code="1102" width="0.524996" height="0.430555" />
   <Char code="1078" width="0.524996" height="0.430555" />
   <Char code="1081" width="0.524996" height="0.638838" />
   <Char code="1105" width="0.524996" height="0.611112" />
   <Char code="1141" width="0.524996" height="0.430555" />
   <Char code="1139" width="0.524996" height="0.430555" />
   <Char code="1109" width="0.524996" height="0.430555" />
   <Char code="1103" width="0.524996" height="0.430555" />
   <Char code="776" width="0.524996" height="0.611112" />
   <Char code="1122" width="0.524996" height="0.694445" />
   <Char code="774" width="0.524996" height="0.638838" />
   <Char code="1123" width="0.524996" height="0.638838" />
   <Char code="171" width="0.524996" height="0.438889" />
   <Char code="305" width="0.524996" height="0.430555" />
   <Char code="187" width="0.524996" height="0.438889" />
   <Char code="1040" width="0.524996" height="0.611112" />
   <Char code="1041" width="0.524996" height="0.611112" />
   <Char code="1062" width="0.524996" height="0.611112" depth="0.166667" />
   <Char code="1044" width="0.524996" height="0.611112" depth="0.166667" />
   <Char code="1045" width="0.524996" height="0.611112" />
   <Char code="1060" width="0.524996" height="0.611112" />
   <Char code="1043" width="0.524996" height="0.611112" />
   <Char code="1061" width="0.524996" height="0.611112" />
   <Char code="1048" width="0.524996" height="0.611112" />
   <Char code="1032" width="0.524996" height="0.611112" />
   <Char code="1050" width="0.524996" height="0.611112" />
   <Char code="1051" width="0.524996" height="0.611112" />
   <Char code="1052" width="0.524996" height="0.611112" />
   <Char code="1053" width="0.524996" height="0.611112" />
   <Char code="1054" width="0.524996" height="0.611112" />
   <Char code="1055" width="0.524996" height="0.611112" />
   <Char code="1063" width="0.524996" height="0.611112" />
   <Char code="1056" width="0.524996" height="0.611112" />
   <Char code="1057" width="0.524996" height="0.611112" />
   <Char code="1058" width="0.524996" height="0.611112" />
   <Char code="1059" width="0.524996" height="0.611112" />
   <Char code="1042" width="0.524996" height="0.611112" />
   <Char code="1065" width="0.524996" height="0.611112" depth="0.166667" />
   <Char code="1064" width="0.524996" height="0.611112" />
   <Char code="1067" width="0.524996" height="0.611112" />
   <Char code="1047" width="0.524996" height="0.611112" />
   <Char code="1068" width="0.524996" height="0.611112" />
   <Char code="1066" width="0.524996" height="0.611112" />
   <Char code="1072" width="0.524996" height="0.430555" />
   <Char code="1073" width="0.524996" height="0.611112" />
   <Char code="1094" width="0.524996" height="0.430555" depth="0.13889" />
   <Char code="1076" width="0.524996" height="0.430555" depth="0.13889" />
   <Char code="1077" width="0.524996" height="0.430555" />
   <Char code="1092" width="0.524996" height="0.611112" depth="0.222223" />
   <Char code="1075" width="0.524996" height="0.430555" />
   <Char code="1093" width="0.524996" height="0.430555" />
   <Char code="1080" width="0.524996" height="0.430555" >
   </Char>
   <Char code="1112" width="0.524996" height="0.611112" depth="0.222223" >
   </Char>
   <Char code="1082" width="0.524996" height="0.430555" />
   <Char code="1083" width="0.524996" height="0.430555" />
   <Char code="1084" width="0.524996" height="0.430555" />
   <Char code="1085" width="0.524996" height="0.430555" />
   <Char code="1086" width="0.524996" height="0.430555" />
   <Char code="1087" width="0.524996" height="0.430555" >
   </Char>
   <Char code="1095" width="0.524996" height="0.430555" />
   <Char code="1088" width="0.524996" height="0.430555" depth="0.222223" />
   <Char code="1089" width="0.524996" height="0.430555" />
   <Char code="1090" width="0.524996" height="0.430555" />
   <Char code="1091" width="0.524996" height="0.430555" depth="0.222223" />
   <Char code="1074" width="0.524996" height="0.430555" />
   <Char code="1097" width="0.524996" height="0.430555" depth="0.13889" />
   <Char code="1096" width="0.524996" height="0.430555" />
   <Char code="1099" width="0.524996" height="0.430555" />
   <Char code="1079" width="0.524996" height="0.430555" />
   <Char code="1100" width="0.524996" height="0.430555" />
   <Char code="1098" width="0.524996" height="0.430555" />
</Font>

